<?xml version="1.0" encoding="utf-8"?>
<extension type="component" version="1.6.0" method="upgrade" client="site">
   <name>Shortlink</name>
   <creationDate>2009-03-20</creationDate>
   <author>Tobias Gesellchen</author>
   <authorEmail>tobias@gesellix.de</authorEmail>
   <authorUrl>http://www.gesellix.de/</authorUrl>
   <copyright>(c) 2009-2012 Tobias Gesellchen</copyright>
   <license>GPL</license>
   <version>3.0.0 2012-04-16 stable</version>
   <description>
      <![CDATA[
         Shortlink component for Joomla.<br />
         A short to long links translator.<br />
         &copy; Tobias Gesellchen, <a href="http://www.gesellix.de/" target="_blank">www.gesellix.de</a>
      ]]>
   </description>

   <config>
      <fields name="params">
         <fieldset name="config" label="config">
            <field name="paramname" default="link"/>
            <field name="filter_last_call" default="total"/>
            <field name="filter_order" default="id"/>
            <field name="filter_dir" default="desc"/>
         </fieldset>
         <fieldset name="helper_path" label="helper_path">
            <field name="helper_path" default="goto.php"/>
         </fieldset>
      </fields>
   </config>

   <files folder="site">
      <filename>goto.php</filename>
      <filename>shortlink.php</filename>
      <filename>index.html</filename>
      <folder>models</folder>
      <folder>controllers</folder>
   </files>

   <installfile>install.shortlink.php</installfile>

   <uninstallfile>uninstall.shortlink.php</uninstallfile>

   <install>
      <sql>
         <file charset="utf8" driver="mysql">install.sql</file>
      </sql>
   </install>
   <uninstall>
      <sql>
         <file charset="utf8" driver="mysql">uninstall.sql</file>
      </sql>
   </uninstall>

   <administration>

      <menu>Shortlink</menu>

      <files folder="admin">
         <filename>shortlink.php</filename>
         <filename>config.xml</filename>
         <filename>index.html</filename>
         <filename>install.sql</filename>
         <filename>uninstall.sql</filename>
         <folder>assets</folder>
         <folder>controllers</folder>
         <folder>elements</folder>
         <folder>help</folder>
         <folder>language</folder>
         <folder>models</folder>
         <folder>tables</folder>
         <folder>views</folder>
      </files>

      <languages folder="admin">
         <language tag="en-GB">language/en-GB/en-GB.com_shortlink.ini</language>
         <language tag="en-GB">language/en-GB/en-GB.com_shortlink.sys.ini</language>
         <language tag="de-DE">language/de-DE/de-DE.com_shortlink.ini</language>
         <language tag="de-DE">language/de-DE/de-DE.com_shortlink.sys.ini</language>
      </languages>

   </administration>
</extension>